"","model","N","BIC","sd","se","ci"
"1","dLR_Instr",32,289.329404146355,17.5211925497565,3.09733851660201,6.31706355265131
"2","fLR_Eval",32,271.394554573184,13.5553424671431,2.39626864495571,4.88722212256527
"3","fLR_Instr",32,266.401046981231,8.43471790807061,1.49106155754808,3.04104009602409
